,sem_dens,demand,s_perph,s_num,conc,val,w_freq,c_div
sem_dens,1.0,-0.025304093262806467,-0.4366791399001441,-0.08743626402989339,-0.16888111516942636,0.21977598240193177,-0.14246062737054516,0.04717287206970819
demand,-0.025304093262806467,1.0,0.10116589501057895,0.10004174755858862,0.3535586913915787,-0.19664599125779123,-0.037999481579298895,0.0781618740575363
s_perph,-0.4366791399001441,0.10116589501057895,1.0,0.7244278363690829,0.3038764864593957,-0.2924665831685591,0.3213360003730912,0.20536087640680936
s_num,-0.08743626402989339,0.10004174755858862,0.7244278363690829,1.0,0.32758546959880197,-0.16594081739741287,0.27419506604307653,0.12843259017069797
conc,-0.16888111516942636,0.3535586913915787,0.3038764864593957,0.32758546959880197,1.0,-0.31255594492213473,-0.04097669890961956,-0.012249586282268994
val,0.21977598240193177,-0.19664599125779123,-0.2924665831685591,-0.16594081739741287,-0.31255594492213473,1.0,0.0024423294769865067,-0.15591048827098103
w_freq,-0.14246062737054516,-0.037999481579298895,0.3213360003730912,0.27419506604307653,-0.04097669890961956,0.0024423294769865067,1.0,0.1603045288276385
c_div,0.04717287206970819,0.0781618740575363,0.20536087640680936,0.12843259017069797,-0.012249586282268994,-0.15591048827098103,0.1603045288276385,1.0
