,sem_dens,demand,s_perph,s_num,conc,val,w_freq,c_div
sem_dens,1.0,-0.025086191475225193,-0.4050625837191523,-0.08550827463451774,-0.17397436955231657,0.21239463871521286,-0.1343563155768813,0.01854016442397412
demand,-0.025086191475225193,1.0,0.09231348775978357,0.08428688862633267,0.299272220662588,-0.15628126666194087,-0.03555854875195854,0.05996348143473874
s_perph,-0.4050625837191523,0.09231348775978357,1.0,0.6876150340284692,0.2926538153090681,-0.2630995459890657,0.32531116524995585,0.19064080682659582
s_num,-0.08550827463451774,0.08428688862633267,0.6876150340284692,1.0,0.3079517324781631,-0.16490877606038268,0.29279389163322944,0.0962788208121644
conc,-0.17397436955231657,0.299272220662588,0.2926538153090681,0.3079517324781631,1.0,-0.30640109160518925,-0.06507632341366094,-0.023614239575279836
val,0.21239463871521286,-0.15628126666194087,-0.2630995459890657,-0.16490877606038268,-0.30640109160518925,1.0,-0.010192135866866809,-0.15219365986499533
w_freq,-0.1343563155768813,-0.03555854875195854,0.32531116524995585,0.29279389163322944,-0.06507632341366094,-0.010192135866866809,1.0,0.13799792534288013
c_div,0.01854016442397412,0.05996348143473874,0.19064080682659582,0.0962788208121644,-0.023614239575279836,-0.15219365986499533,0.13799792534288013,1.0
