,sem_dens,demand,s_perph,s_num,conc,val,w_freq,c_div
sem_dens,1.0,-0.0318298177115297,-0.4057708712849285,0.013571763785587125,0.02796320034387093,0.22496658365467312,-0.1351275025061627,-0.04570760605195592
demand,-0.0318298177115297,1.0,-0.01836352455174026,-0.05764619874974279,0.3668035914535695,-0.10815971205544443,-0.04516496639790122,0.06860655921927555
s_perph,-0.4057708712849285,-0.01836352455174026,1.0,0.4382379461935019,-0.03994362733247419,-0.1362842086397259,0.33190462907225887,0.1006380040837687
s_num,0.013571763785587125,-0.05764619874974279,0.4382379461935019,1.0,-0.03401724915799145,0.011071337397208844,0.43248629542157496,0.03930584796739779
conc,0.02796320034387093,0.3668035914535695,-0.03994362733247419,-0.03401724915799145,1.0,-0.12808301791337967,-0.1450133568705699,-0.10025639003207995
val,0.22496658365467312,-0.10815971205544443,-0.1362842086397259,0.011071337397208844,-0.12808301791337967,1.0,-0.0463443319827157,-0.11829303150197597
w_freq,-0.1351275025061627,-0.04516496639790122,0.33190462907225887,0.43248629542157496,-0.1450133568705699,-0.0463443319827157,1.0,0.15904621920206305
c_div,-0.04570760605195592,0.06860655921927555,0.1006380040837687,0.03930584796739779,-0.10025639003207995,-0.11829303150197597,0.15904621920206305,1.0
