,sem_dens,demand,s_perph,s_num,conc,val,w_freq,c_div
sem_dens,1.0,-0.10025456609333677,-0.29206936868437844,-0.02952481176443824,-0.1788031442923811,0.15168419945889083,0.00322234584581735,0.10304590571930522
demand,-0.10025456609333677,1.0,0.05392863801426344,0.025804431285553944,0.4063714093554097,-0.10167808960240711,0.03963523579293699,0.08491497057842998
s_perph,-0.29206936868437844,0.05392863801426344,1.0,0.7188018005005398,0.20818651246657366,-0.18340495185698602,0.2632560475151096,0.23566053078266494
s_num,-0.02952481176443824,0.025804431285553944,0.7188018005005398,1.0,0.22556836721361162,-0.07099383189658023,0.3273806308234804,0.23926688608696414
conc,-0.1788031442923811,0.4063714093554097,0.20818651246657366,0.22556836721361162,1.0,-0.15102145271205963,-0.0681578877563594,-0.03606769529513434
val,0.15168419945889083,-0.10167808960240711,-0.18340495185698602,-0.07099383189658023,-0.15102145271205963,1.0,0.0539499090156016,-0.10156423540976518
w_freq,0.00322234584581735,0.03963523579293699,0.2632560475151096,0.3273806308234804,-0.0681578877563594,0.0539499090156016,1.0,0.29342366768364425
c_div,0.10304590571930522,0.08491497057842998,0.23566053078266494,0.23926688608696414,-0.03606769529513434,-0.10156423540976518,0.29342366768364425,1.0
