,sem_dens,demand,s_perph,s_num,conc,val,w_freq,c_div
sem_dens,1.0,-0.08069445117383132,-0.4070552797012285,0.00498250320919852,-0.05576840932765488,0.18086970957255843,-0.12753212582769724,0.009645285402056896
demand,-0.08069445117383132,1.0,0.015443777469305149,-0.0214516401942795,0.4277459532745013,-0.1587229987536014,-0.02050933173784665,0.0406492335187719
s_perph,-0.4070552797012285,0.015443777469305149,1.0,0.5788034359961263,-0.0045109249851697005,-0.15854067429452706,0.31879319760103264,0.11674517866485169
s_num,0.00498250320919852,-0.0214516401942795,0.5788034359961263,1.0,-0.01878217897943308,-0.007589919306350887,0.4147468477253498,0.0782988325565382
conc,-0.05576840932765488,0.4277459532745013,-0.0045109249851697005,-0.01878217897943308,1.0,-0.1770775361316031,-0.19098102878660794,-0.1302437998018474
val,0.18086970957255843,-0.1587229987536014,-0.15854067429452706,-0.007589919306350887,-0.1770775361316031,1.0,-0.007762436461155595,-0.11122550355556098
w_freq,-0.12753212582769724,-0.02050933173784665,0.31879319760103264,0.4147468477253498,-0.19098102878660794,-0.007762436461155595,1.0,0.10350629077702878
c_div,0.009645285402056896,0.0406492335187719,0.11674517866485169,0.0782988325565382,-0.1302437998018474,-0.11122550355556098,0.10350629077702878,1.0
