,sem_dens,demand,s_perph,s_num,conc,val,w_freq,c_div
sem_dens,1.0,-0.09233395317691945,-0.30173399203050133,-0.032570939006887914,-0.1561487861339152,0.1387293306890313,-0.00027501232253671797,0.08850079937126121
demand,-0.09233395317691945,1.0,0.0564345566340384,0.02135472854840262,0.35157909139190546,-0.09119470380599384,0.01493065615154916,0.06898713373666392
s_perph,-0.30173399203050133,0.0564345566340384,1.0,0.6613055048477091,0.1929469872617882,-0.15423393629520735,0.2452599328709648,0.2370201271353197
s_num,-0.032570939006887914,0.02135472854840262,0.6613055048477091,1.0,0.22154896777417699,-0.0710053515136051,0.32887264460599297,0.2533913684142337
conc,-0.1561487861339152,0.35157909139190546,0.1929469872617882,0.22154896777417699,1.0,-0.1169718913938485,-0.0778916813830258,-0.023248961986666372
val,0.1387293306890313,-0.09119470380599384,-0.15423393629520735,-0.0710053515136051,-0.1169718913938485,1.0,0.05746909072198493,-0.07918612544542578
w_freq,-0.00027501232253671797,0.01493065615154916,0.2452599328709648,0.32887264460599297,-0.0778916813830258,0.05746909072198493,1.0,0.28187739670142953
c_div,0.08850079937126121,0.06898713373666392,0.2370201271353197,0.2533913684142337,-0.023248961986666372,-0.07918612544542578,0.28187739670142953,1.0
