,sem_dens,demand,s_perph,s_num,conc,val,w_freq,c_div
sem_dens,1.0,0.017347457176723466,-0.43842358598195436,-0.11627737951158874,-0.18200342061663652,0.21093250712414283,-0.14446381244520384,-0.045125308009609816
demand,0.017347457176723466,1.0,0.0907054096349906,0.05972511458414088,0.2818670346469898,-0.143496791695646,-0.030288183237623677,0.05729678737253049
s_perph,-0.43842358598195436,0.0907054096349906,1.0,0.6975061566592249,0.31541964114802146,-0.2849220161730186,0.3199714392492855,0.25540814140297713
s_num,-0.11627737951158874,0.05972511458414088,0.6975061566592249,1.0,0.3280998872729066,-0.16300001007166887,0.2920338937618111,0.17382228408809364
conc,-0.18200342061663652,0.2818670346469898,0.31541964114802146,0.3280998872729066,1.0,-0.27981913042568296,-0.05522872751274757,0.003528000054855209
val,0.21093250712414283,-0.143496791695646,-0.2849220161730186,-0.16300001007166887,-0.27981913042568296,1.0,-0.01595101867437215,-0.15888378310253315
w_freq,-0.14446381244520384,-0.030288183237623677,0.3199714392492855,0.2920338937618111,-0.05522872751274757,-0.01595101867437215,1.0,0.15990183527300525
c_div,-0.045125308009609816,0.05729678737253049,0.25540814140297713,0.17382228408809364,0.003528000054855209,-0.15888378310253315,0.15990183527300525,1.0
