,sem_dens,demand,s_perph,s_num,conc,val,w_freq,c_div
sem_dens,1.0,-0.00848403203113336,-0.41885911769198075,-0.023239413257182796,0.0001787172012152825,0.18589050553258166,-0.14751345632291185,-0.05394774478430364
demand,-0.00848403203113336,1.0,-0.014629000671231686,-0.062119731972469554,0.367177048744778,-0.12939366865625473,-0.08726243186928068,0.019594877825752904
s_perph,-0.41885911769198075,-0.014629000671231686,1.0,0.46313814155458777,-0.012426036095832907,-0.17762783613512284,0.27339027328215587,0.11017289846201285
s_num,-0.023239413257182796,-0.062119731972469554,0.46313814155458777,1.0,-0.002794945095275796,-0.0041146432902905705,0.40222462056455427,0.08075852640282424
conc,0.0001787172012152825,0.367177048744778,-0.012426036095832907,-0.002794945095275796,1.0,-0.14139725936638325,-0.16691053287879395,-0.10509773029816541
val,0.18589050553258166,-0.12939366865625473,-0.17762783613512284,-0.0041146432902905705,-0.14139725936638325,1.0,-0.02077187335798122,-0.12502934113200428
w_freq,-0.14751345632291185,-0.08726243186928068,0.27339027328215587,0.40222462056455427,-0.16691053287879395,-0.02077187335798122,1.0,0.08269714522906656
c_div,-0.05394774478430364,0.019594877825752904,0.11017289846201285,0.08075852640282424,-0.10509773029816541,-0.12502934113200428,0.08269714522906656,1.0
