,sem_dens,demand,s_perph,s_num,conc,val,w_freq,c_div
sem_dens,1.0,-0.07844134528065023,-0.4219954700329715,-0.016292700354905577,-0.0012259700150083536,0.20822743988242448,-0.18876846887666496,-0.04068935683749854
demand,-0.07844134528065023,1.0,0.014019750028382766,-0.06196759041600022,0.42346189761808317,-0.15329945805627637,-0.12487934927094753,0.019319738517381814
s_perph,-0.4219954700329715,0.014019750028382766,1.0,0.5650796596632803,0.031107871635928944,-0.1327765826445788,0.31098758861023773,0.12165701963870762
s_num,-0.016292700354905577,-0.06196759041600022,0.5650796596632803,1.0,0.0072468389945579545,-0.0015877960298903533,0.37526561244082607,0.09453688454398534
conc,-0.0012259700150083536,0.42346189761808317,0.031107871635928944,0.0072468389945579545,1.0,-0.1330221688146209,-0.15695935209298364,-0.1260827180391918
val,0.20822743988242448,-0.15329945805627637,-0.1327765826445788,-0.0015877960298903533,-0.1330221688146209,1.0,0.0016317549645626856,-0.11883132939196339
w_freq,-0.18876846887666496,-0.12487934927094753,0.31098758861023773,0.37526561244082607,-0.15695935209298364,0.0016317549645626856,1.0,0.10596362907649282
c_div,-0.04068935683749854,0.019319738517381814,0.12165701963870762,0.09453688454398534,-0.1260827180391918,-0.11883132939196339,0.10596362907649282,1.0
