,sem_dens,demand,s_perph,s_num,conc,val,w_freq,c_div
sem_dens,1.0,0.001934618612110776,-0.4369911677133799,-0.11448565917230664,-0.15791794112463695,0.21505323115890748,-0.15135742757986323,-0.034799411992172465
demand,0.001934618612110776,1.0,0.08051768573878403,0.04977188176313841,0.3467921348514114,-0.17610461303393282,-0.0466138340612884,0.08767664167367949
s_perph,-0.4369911677133799,0.08051768573878403,1.0,0.7340163000149477,0.30415722264505807,-0.2720830078120614,0.332488621859117,0.24280038004591062
s_num,-0.11448565917230664,0.04977188176313841,0.7340163000149477,1.0,0.32436387938484895,-0.16545313760079552,0.29929186495900445,0.16963420366348353
conc,-0.15791794112463695,0.3467921348514114,0.30415722264505807,0.32436387938484895,1.0,-0.27093379398785067,-0.033959450479731576,-0.016316625544070214
val,0.21505323115890748,-0.17610461303393282,-0.2720830078120614,-0.16545313760079552,-0.27093379398785067,1.0,-0.011517111964195,-0.16934776129939208
w_freq,-0.15135742757986323,-0.0466138340612884,0.332488621859117,0.29929186495900445,-0.033959450479731576,-0.011517111964195,1.0,0.150153730165466
c_div,-0.034799411992172465,0.08767664167367949,0.24280038004591062,0.16963420366348353,-0.016316625544070214,-0.16934776129939208,0.150153730165466,1.0
