,sem_dens,demand,s_perph,s_num,conc,val,w_freq,c_div
sem_dens,1.0,-0.08079189887218167,-0.4260235351991356,0.011265426275210521,0.05000763710796946,0.18491289118832488,-0.18944704262329615,-0.010140017618493497
demand,-0.08079189887218167,1.0,-0.0025613003353428705,0.001142763184430827,0.41859163598386095,-0.1589364757100266,-0.03773080030455136,0.059636440290382946
s_perph,-0.4260235351991356,-0.0025613003353428705,1.0,0.5597157981770534,-0.053128979197678804,-0.1286654401530292,0.36928243226605656,0.11503004653332592
s_num,0.011265426275210521,0.001142763184430827,0.5597157981770534,1.0,0.025503254076800073,-0.005670232343973195,0.37962000666369045,0.06661352046372639
conc,0.05000763710796946,0.41859163598386095,-0.053128979197678804,0.025503254076800073,1.0,-0.08550721932096089,-0.11005397652679073,-0.10728844536781648
val,0.18491289118832488,-0.1589364757100266,-0.1286654401530292,-0.005670232343973195,-0.08550721932096089,1.0,-0.06304979705332786,-0.12464200990174194
w_freq,-0.18944704262329615,-0.03773080030455136,0.36928243226605656,0.37962000666369045,-0.11005397652679073,-0.06304979705332786,1.0,0.1056058170190345
c_div,-0.010140017618493497,0.059636440290382946,0.11503004653332592,0.06661352046372639,-0.10728844536781648,-0.12464200990174194,0.1056058170190345,1.0
