,sem_dens,demand,s_perph,s_num,conc,val,w_freq,c_div
sem_dens,1.0,-0.1101103280782054,-0.3166161638983935,-0.03226813864991733,-0.1748311296117904,0.16989402847943855,-0.02274407534131141,0.0803258968945069
demand,-0.1101103280782054,1.0,0.038602174454231794,-0.00531656452955252,0.3844861531925236,-0.11167226259456471,-0.007123626817981903,0.06579609078760455
s_perph,-0.3166161638983935,0.038602174454231794,1.0,0.7257996374165113,0.18787904565979321,-0.15190834015768098,0.2562497401238519,0.22316492240681507
s_num,-0.03226813864991733,-0.00531656452955252,0.7257996374165113,1.0,0.20774367692209217,-0.06314518123618672,0.31183687901153306,0.23278516467872826
conc,-0.1748311296117904,0.3844861531925236,0.18787904565979321,0.20774367692209217,1.0,-0.11151350944683634,-0.06222781295282431,-0.04653772936701153
val,0.16989402847943855,-0.11167226259456471,-0.15190834015768098,-0.06314518123618672,-0.11151350944683634,1.0,0.04881708727669117,-0.08173689930414611
w_freq,-0.02274407534131141,-0.007123626817981903,0.2562497401238519,0.31183687901153306,-0.06222781295282431,0.04881708727669117,1.0,0.2977452826520082
c_div,0.0803258968945069,0.06579609078760455,0.22316492240681507,0.23278516467872826,-0.04653772936701153,-0.08173689930414611,0.2977452826520082,1.0
