,sem_dens,demand,s_perph,s_num,conc,val,w_freq,c_div
sem_dens,1.0,-0.047805080460976486,-0.4485625487563602,-0.0052251992138047714,0.022374098003319166,0.2186518800238329,-0.2101752533076129,-0.009710162480798371
demand,-0.047805080460976486,1.0,0.02996008818453716,0.03431943824545963,0.38077195634853533,-0.1422884301932741,-0.01833204482261486,0.024323076109349164
s_perph,-0.4485625487563602,0.02996008818453716,1.0,0.45817090814542166,-0.03555478615737176,-0.17411647552596024,0.3284733555967392,0.11782760333328393
s_num,-0.0052251992138047714,0.03431943824545963,0.45817090814542166,1.0,0.006261576900206395,-0.019632258956680203,0.37118380590894984,0.0846617281477679
conc,0.022374098003319166,0.38077195634853533,-0.03555478615737176,0.006261576900206395,1.0,-0.1492570162954264,-0.1669272353586156,-0.11659174882726342
val,0.2186518800238329,-0.1422884301932741,-0.17411647552596024,-0.019632258956680203,-0.1492570162954264,1.0,-0.015529559193915477,-0.10990369458613222
w_freq,-0.2101752533076129,-0.01833204482261486,0.3284733555967392,0.37118380590894984,-0.1669272353586156,-0.015529559193915477,1.0,0.11809384337344575
c_div,-0.009710162480798371,0.024323076109349164,0.11782760333328393,0.0846617281477679,-0.11659174882726342,-0.10990369458613222,0.11809384337344575,1.0
