,sem_dens,demand,s_perph,s_num,conc,val,w_freq,c_div
sem_dens,1.0,-0.007770166398815609,-0.4385592402134617,-0.09024577754270394,-0.157536155258717,0.2147205230622692,-0.15084697786743548,-0.017530348991145934
demand,-0.007770166398815609,1.0,0.11370111412926412,0.1012767943808633,0.30607908708125947,-0.16220757208526423,-0.0035690938019817507,0.09062241630920767
s_perph,-0.4385592402134617,0.11370111412926412,1.0,0.6868801365338855,0.29412698617833405,-0.27086005640927613,0.33884052026971845,0.21781286372273717
s_num,-0.09024577754270394,0.1012767943808633,0.6868801365338855,1.0,0.3181784596403154,-0.16126403470140824,0.29358323860849656,0.14172449018918704
conc,-0.157536155258717,0.30607908708125947,0.29412698617833405,0.3181784596403154,1.0,-0.29467146605212485,-0.042667199921617806,-0.022465747601368633
val,0.2147205230622692,-0.16220757208526423,-0.27086005640927613,-0.16126403470140824,-0.29467146605212485,1.0,-0.020140526670163403,-0.15478909841194782
w_freq,-0.15084697786743548,-0.0035690938019817507,0.33884052026971845,0.29358323860849656,-0.042667199921617806,-0.020140526670163403,1.0,0.16919512251755334
c_div,-0.017530348991145934,0.09062241630920767,0.21781286372273717,0.14172449018918704,-0.022465747601368633,-0.15478909841194782,0.16919512251755334,1.0
