,sem_dens,demand,s_perph,s_num,conc,val,w_freq,c_div
sem_dens,1.0,-0.12393273796803664,-0.2976596873764613,-0.028169549242011687,-0.16761732080238134,0.13575301824554828,0.005320327440157581,0.10414073291583213
demand,-0.12393273796803664,1.0,0.04308958046885416,0.009229112680544743,0.3716427099365185,-0.12986752855277434,0.006626621384783112,0.03445658806804245
s_perph,-0.2976596873764613,0.04308958046885416,1.0,0.6715661797909651,0.18640133545799112,-0.14305750972842282,0.24981908475168915,0.21418988886765797
s_num,-0.028169549242011687,0.009229112680544743,0.6715661797909651,1.0,0.2144856242066086,-0.06090192281065847,0.3199190191518048,0.24303618622315773
conc,-0.16761732080238134,0.3716427099365185,0.18640133545799112,0.2144856242066086,1.0,-0.14034878447904303,-0.06581952014255074,-0.03705686223873699
val,0.13575301824554828,-0.12986752855277434,-0.14305750972842282,-0.06090192281065847,-0.14034878447904303,1.0,0.05915188457538492,-0.0754645358229396
w_freq,0.005320327440157581,0.006626621384783112,0.24981908475168915,0.3199190191518048,-0.06581952014255074,0.05915188457538492,1.0,0.28150962899849213
c_div,0.10414073291583213,0.03445658806804245,0.21418988886765797,0.24303618622315773,-0.03705686223873699,-0.0754645358229396,0.28150962899849213,1.0
