,sem_dens,demand,s_perph,s_num,conc,val,w_freq,c_div
sem_dens,1.0,-0.13891724121550617,-0.30890575855270963,-0.034452585324145295,-0.15208719004925372,0.14560449874945058,-0.006584976831347894,0.09294417029915082
demand,-0.13891724121550617,1.0,0.0846112714200346,0.03636268404664835,0.40214147854144344,-0.12329319797484248,0.009316753473610455,0.07740074357376503
s_perph,-0.30890575855270963,0.0846112714200346,1.0,0.7177257016376891,0.1911980835015971,-0.16858104119398867,0.2583109053656253,0.2407793989007148
s_num,-0.034452585324145295,0.03636268404664835,0.7177257016376891,1.0,0.2046062334692982,-0.05997810721724069,0.33740031332319215,0.2510494277210743
conc,-0.15208719004925372,0.40214147854144344,0.1911980835015971,0.2046062334692982,1.0,-0.14292788267754838,-0.06829297225258753,-0.030287550056592297
val,0.14560449874945058,-0.12329319797484248,-0.16858104119398867,-0.05997810721724069,-0.14292788267754838,1.0,0.05657329734746622,-0.07844134336034453
w_freq,-0.006584976831347894,0.009316753473610455,0.2583109053656253,0.33740031332319215,-0.06829297225258753,0.05657329734746622,1.0,0.2805600506756654
c_div,0.09294417029915082,0.07740074357376503,0.2407793989007148,0.2510494277210743,-0.030287550056592297,-0.07844134336034453,0.2805600506756654,1.0
