,sem_dens,demand,s_perph,s_num,conc,val,w_freq,c_div
sem_dens,1.0,-0.07568075302680187,-0.42811710221603927,-0.022810633039535903,-0.005872930829783251,0.2010823396317578,-0.1380212437366351,-0.002638306385392191
demand,-0.07568075302680187,1.0,-0.019285830634207645,-0.031001173621698127,0.4082751749970684,-0.18046415032360472,-0.038218654779632724,0.10638296082200123
s_perph,-0.42811710221603927,-0.019285830634207645,1.0,0.5683580462561971,-0.01367290332792427,-0.18567027947731227,0.3444250228152483,0.11488103300094996
s_num,-0.022810633039535903,-0.031001173621698127,0.5683580462561971,1.0,-0.012290840597378713,-0.0016371129686119906,0.42333145341305434,0.06903427182232606
conc,-0.005872930829783251,0.4082751749970684,-0.01367290332792427,-0.012290840597378713,1.0,-0.170239473763473,-0.17906313452956857,-0.11383217257703837
val,0.2010823396317578,-0.18046415032360472,-0.18567027947731227,-0.0016371129686119906,-0.170239473763473,1.0,-5.769298558308917e-05,-0.09834750455896425
w_freq,-0.1380212437366351,-0.038218654779632724,0.3444250228152483,0.42333145341305434,-0.17906313452956857,-5.769298558308917e-05,1.0,0.11759967354840084
c_div,-0.002638306385392191,0.10638296082200123,0.11488103300094996,0.06903427182232606,-0.11383217257703837,-0.09834750455896425,0.11759967354840084,1.0
