,sem_dens,demand,s_perph,s_num,conc,val,w_freq,c_div
sem_dens,1.0,-0.05538442852328944,-0.42733869218185316,-0.016669793476835826,0.0050620845905542,0.19837415714791323,-0.17132453042275766,-0.02828893077307146
demand,-0.05538442852328944,1.0,0.010807809648466372,-0.03680852753426355,0.3894128596708276,-0.11333772419075823,-0.007542006238154631,0.012902632292392253
s_perph,-0.42733869218185316,0.010807809648466372,1.0,0.4735764154925186,0.014921460667325737,-0.17444397676665288,0.3396064548490031,0.12646487182822994
s_num,-0.016669793476835826,-0.03680852753426355,0.4735764154925186,1.0,0.031136555822711225,-0.00043367150854920356,0.40102918154749306,0.04764247317700931
conc,0.0050620845905542,0.3894128596708276,0.014921460667325737,0.031136555822711225,1.0,-0.12095186619900342,-0.0855259133321065,-0.09583098932637198
val,0.19837415714791323,-0.11333772419075823,-0.17444397676665288,-0.00043367150854920356,-0.12095186619900342,1.0,-0.04629023757989882,-0.09353301955024507
w_freq,-0.17132453042275766,-0.007542006238154631,0.3396064548490031,0.40102918154749306,-0.0855259133321065,-0.04629023757989882,1.0,0.11964227520571802
c_div,-0.02828893077307146,0.012902632292392253,0.12646487182822994,0.04764247317700931,-0.09583098932637198,-0.09353301955024507,0.11964227520571802,1.0
