,sem_dens,demand,s_perph,s_num,conc,val,w_freq,c_div
sem_dens,1.0,-0.10659346325837042,-0.30056647771066725,-0.029860154086378314,-0.16931434798695705,0.1490308991082952,-0.02689008944354091,0.07730561540421034
demand,-0.10659346325837042,1.0,0.07084903192486162,0.023851720381127,0.3796642686808932,-0.06971415461543377,0.0183411974570811,0.05999191492853192
s_perph,-0.30056647771066725,0.07084903192486162,1.0,0.6633557779853047,0.178400031072909,-0.1524269357735549,0.2719392268477156,0.24756661238643335
s_num,-0.029860154086378314,0.023851720381127,0.6633557779853047,1.0,0.20465080566785748,-0.05469710437627867,0.32662213034729703,0.24981681912644563
conc,-0.16931434798695705,0.3796642686808932,0.178400031072909,0.20465080566785748,1.0,-0.10146299879601438,-0.0490182983329205,-0.02370185067143218
val,0.1490308991082952,-0.06971415461543377,-0.1524269357735549,-0.05469710437627867,-0.10146299879601438,1.0,0.04664406533879495,-0.07928213325812386
w_freq,-0.02689008944354091,0.0183411974570811,0.2719392268477156,0.32662213034729703,-0.0490182983329205,0.04664406533879495,1.0,0.3139422598562446
c_div,0.07730561540421034,0.05999191492853192,0.24756661238643335,0.24981681912644563,-0.02370185067143218,-0.07928213325812386,0.3139422598562446,1.0
