,sem_dens,demand,s_perph,s_num,conc,val,w_freq,c_div
sem_dens,1.0,-0.0033269886287100796,-0.4095654719140295,-0.07649041342164682,-0.1340103024843352,0.2089095621496052,-0.15948514216459728,-0.00746312908656544
demand,-0.0033269886287100796,1.0,0.0879515595390097,0.0862602004403125,0.3164381964379718,-0.1506676384544916,-0.01770298051160856,0.09353900168459363
s_perph,-0.4095654719140295,0.0879515595390097,1.0,0.683681755464656,0.2994623755240725,-0.2688405045157975,0.320956645491846,0.20270832306167735
s_num,-0.07649041342164682,0.0862602004403125,0.683681755464656,1.0,0.329255952914025,-0.15455192091006245,0.27113084821883154,0.11630984477110318
conc,-0.1340103024843352,0.3164381964379718,0.2994623755240725,0.329255952914025,1.0,-0.28527767757459704,-0.037913834580976406,-0.028098015606757235
val,0.2089095621496052,-0.1506676384544916,-0.2688405045157975,-0.15455192091006245,-0.28527767757459704,1.0,-0.015933493332774086,-0.15779380512742677
w_freq,-0.15948514216459728,-0.01770298051160856,0.320956645491846,0.27113084821883154,-0.037913834580976406,-0.015933493332774086,1.0,0.14062109361182262
c_div,-0.00746312908656544,0.09353900168459363,0.20270832306167735,0.11630984477110318,-0.028098015606757235,-0.15779380512742677,0.14062109361182262,1.0
