,sem_dens,demand,s_perph,s_num,conc,val,w_freq,c_div
sem_dens,1.0,0.007045833826961783,-0.4254030291357363,-0.09950148918300804,-0.15349031433253693,0.205189224366217,-0.12209206879052766,-0.030400177961615166
demand,0.007045833826961783,1.0,0.09004181157131394,0.07830888534466451,0.3542326337516471,-0.18520603784627215,-0.016839698289090696,0.06688199392504142
s_perph,-0.4254030291357363,0.09004181157131394,1.0,0.7383512886214311,0.3031167814065804,-0.28816672148199163,0.32470741031255995,0.24530292884697188
s_num,-0.09950148918300804,0.07830888534466451,0.7383512886214311,1.0,0.322943537098815,-0.15791838301113412,0.296075412160435,0.1722818007289321
conc,-0.15349031433253693,0.3542326337516471,0.3031167814065804,0.322943537098815,1.0,-0.2956457371360033,-0.053680937765925855,-0.028208980593859914
val,0.205189224366217,-0.18520603784627215,-0.28816672148199163,-0.15791838301113412,-0.2956457371360033,1.0,-0.026954020270059633,-0.16489610448495734
w_freq,-0.12209206879052766,-0.016839698289090696,0.32470741031255995,0.296075412160435,-0.053680937765925855,-0.026954020270059633,1.0,0.16919754760867942
c_div,-0.030400177961615166,0.06688199392504142,0.24530292884697188,0.1722818007289321,-0.028208980593859914,-0.16489610448495734,0.16919754760867942,1.0
