,sem_dens,demand,s_perph,s_num,conc,val,w_freq,c_div
sem_dens,1.0,-0.06198034960700436,-0.4361290070426304,-0.03590149287685006,0.02709964977107682,0.18588157769684788,-0.198971112173575,-0.035651178057746334
demand,-0.06198034960700436,1.0,0.008516504821912638,-0.051683597247701926,0.428836105096399,-0.18689125629182582,-0.07078808135965871,0.03297552179183335
s_perph,-0.4361290070426304,0.008516504821912638,1.0,0.6044192963423369,-0.03731294364288763,-0.147265644182974,0.34522589723784103,0.1535699088435661
s_num,-0.03590149287685006,-0.051683597247701926,0.6044192963423369,1.0,-0.02289273820151322,-0.006679265445964289,0.36295505330264616,0.08308930717796909
conc,0.02709964977107682,0.428836105096399,-0.03731294364288763,-0.02289273820151322,1.0,-0.16991664397624825,-0.14588251185495935,-0.08697821027553163
val,0.18588157769684788,-0.18689125629182582,-0.147265644182974,-0.006679265445964289,-0.16991664397624825,1.0,-0.007888164041772493,-0.07818798103589453
w_freq,-0.198971112173575,-0.07078808135965871,0.34522589723784103,0.36295505330264616,-0.14588251185495935,-0.007888164041772493,1.0,0.09204968768947205
c_div,-0.035651178057746334,0.03297552179183335,0.1535699088435661,0.08308930717796909,-0.08697821027553163,-0.07818798103589453,0.09204968768947205,1.0
