,sem_dens,demand,s_perph,s_num,conc,val,w_freq,c_div
sem_dens,1.0,-0.11301017742897035,-0.2984973682036173,-0.021879717029471474,-0.1466045000690265,0.14562958068987736,0.011191067552511492,0.08355820990640571
demand,-0.11301017742897035,1.0,0.057732429530022056,0.029375955898926526,0.37786079030685193,-0.08094059422736147,0.03018123646430668,0.06758470216012546
s_perph,-0.2984973682036173,0.057732429530022056,1.0,0.6662468005688349,0.17609971935937835,-0.16963592989579723,0.24054436371899227,0.22987127247298333
s_num,-0.021879717029471474,0.029375955898926526,0.6662468005688349,1.0,0.21967726577093408,-0.06391535008539395,0.31736064770373446,0.24953582701722993
conc,-0.1466045000690265,0.37786079030685193,0.17609971935937835,0.21967726577093408,1.0,-0.13172269933666236,-0.06461518167935038,-0.034411664846176276
val,0.14562958068987736,-0.08094059422736147,-0.16963592989579723,-0.06391535008539395,-0.13172269933666236,1.0,0.04131380740775021,-0.10072079009366462
w_freq,0.011191067552511492,0.03018123646430668,0.24054436371899227,0.31736064770373446,-0.06461518167935038,0.04131380740775021,1.0,0.288259929995034
c_div,0.08355820990640571,0.06758470216012546,0.22987127247298333,0.24953582701722993,-0.034411664846176276,-0.10072079009366462,0.288259929995034,1.0
