,sem_dens,demand,s_perph,s_num,conc,val,w_freq,c_div
sem_dens,1.0,-0.06978842562994558,-0.3755262227914992,0.02245476997935097,0.04768017872448012,0.16344326734190492,-0.16026597123391428,-0.04848957978692168
demand,-0.06978842562994558,1.0,0.03655013822138744,-0.023814196673522865,0.3642146092430106,-0.125716590857005,-0.04414796736417202,0.048221899570107855
s_perph,-0.3755262227914992,0.03655013822138744,1.0,0.46448738301005166,-0.03285436321245499,-0.14113022774277906,0.3220844768681967,0.1434184682474053
s_num,0.02245476997935097,-0.023814196673522865,0.46448738301005166,1.0,0.016927196993245193,-0.019249172130475417,0.38152019159952,0.04547265631553658
conc,0.04768017872448012,0.3642146092430106,-0.03285436321245499,0.016927196993245193,1.0,-0.14175575822459863,-0.11011321897589706,-0.09370944971225934
val,0.16344326734190492,-0.125716590857005,-0.14113022774277906,-0.019249172130475417,-0.14175575822459863,1.0,-0.02565073188928596,-0.05477316839249712
w_freq,-0.16026597123391428,-0.04414796736417202,0.3220844768681967,0.38152019159952,-0.11011321897589706,-0.02565073188928596,1.0,0.12390835072000134
c_div,-0.04848957978692168,0.048221899570107855,0.1434184682474053,0.04547265631553658,-0.09370944971225934,-0.05477316839249712,0.12390835072000134,1.0
