,sem_dens,demand,s_perph,s_num,conc,val,w_freq,c_div
sem_dens,1.0,-0.0571433820455929,-0.38647887077478293,-0.02164011380013176,-0.017262738523728196,0.24393462377653258,-0.13531817573538038,-0.07238387590267702
demand,-0.0571433820455929,1.0,0.02985398893142788,0.045520589758807746,0.4078469373452257,-0.13994019790479914,0.0027076655532903074,0.049824812497752585
s_perph,-0.38647887077478293,0.02985398893142788,1.0,0.4584576656782958,-0.028202826733016835,-0.20422526120599108,0.3022578389189432,0.1585177330123547
s_num,-0.02164011380013176,0.045520589758807746,0.4584576656782958,1.0,0.044478472009861894,-0.041837499095191855,0.39691090923537575,0.07846576517777522
conc,-0.017262738523728196,0.4078469373452257,-0.028202826733016835,0.044478472009861894,1.0,-0.14074537234274623,-0.1185973380872773,-0.06758015915462179
val,0.24393462377653258,-0.13994019790479914,-0.20422526120599108,-0.041837499095191855,-0.14074537234274623,1.0,-0.06533899693314953,-0.13924743099428413
w_freq,-0.13531817573538038,0.0027076655532903074,0.3022578389189432,0.39691090923537575,-0.1185973380872773,-0.06533899693314953,1.0,0.14887524585402273
c_div,-0.07238387590267702,0.049824812497752585,0.1585177330123547,0.07846576517777522,-0.06758015915462179,-0.13924743099428413,0.14887524585402273,1.0
