,sem_dens,demand,s_perph,s_num,conc,val,w_freq,c_div
sem_dens,1.0,-0.11661714470848691,-0.2796908414074585,0.002773011641000511,-0.16782183335605494,0.14915091139879574,0.012837299157650464,0.11170016676476888
demand,-0.11661714470848691,1.0,0.07008773839423134,0.032096994599674966,0.3699230918647734,-0.10857135198016994,0.02077544041771624,0.056896722803679405
s_perph,-0.2796908414074585,0.07008773839423134,1.0,0.6531375237908885,0.19182264724757483,-0.15467300045950855,0.25094966053785794,0.23651964954872
s_num,0.002773011641000511,0.032096994599674966,0.6531375237908885,1.0,0.2081158128138919,-0.04390084591618594,0.3250664581028002,0.2506846120807105
conc,-0.16782183335605494,0.3699230918647734,0.19182264724757483,0.2081158128138919,1.0,-0.10979608465004491,-0.08147759248968406,-0.04141022087418963
val,0.14915091139879574,-0.10857135198016994,-0.15467300045950855,-0.04390084591618594,-0.10979608465004491,1.0,0.06355368334273065,-0.09523274795776172
w_freq,0.012837299157650464,0.02077544041771624,0.25094966053785794,0.3250664581028002,-0.08147759248968406,0.06355368334273065,1.0,0.2777030029556104
c_div,0.11170016676476888,0.056896722803679405,0.23651964954872,0.2506846120807105,-0.04141022087418963,-0.09523274795776172,0.2777030029556104,1.0
