,sem_dens,demand,s_perph,s_num,conc,val,w_freq,c_div
sem_dens,1.0,-0.01626209876338796,-0.4049441879235496,-0.10750724733610911,-0.17011030358995352,0.23915411336445216,-0.13713295806877274,-0.005600117057108896
demand,-0.01626209876338796,1.0,0.06593026743393583,0.05830596925021803,0.3010834134112073,-0.1367388493858666,-0.02367362472670286,0.06978754645507138
s_perph,-0.4049441879235496,0.06593026743393583,1.0,0.6954139321852354,0.29591008571693017,-0.27538970745619784,0.30411675566991464,0.23162208239249402
s_num,-0.10750724733610911,0.05830596925021803,0.6954139321852354,1.0,0.310072526423942,-0.17511887824960387,0.2937931076563111,0.1795227242335049
conc,-0.17011030358995352,0.3010834134112073,0.29591008571693017,0.310072526423942,1.0,-0.29009234934317457,-0.038771364324564336,0.0006888025529995619
val,0.23915411336445216,-0.1367388493858666,-0.27538970745619784,-0.17511887824960387,-0.29009234934317457,1.0,-0.01995257054725606,-0.17037210670916714
w_freq,-0.13713295806877274,-0.02367362472670286,0.30411675566991464,0.2937931076563111,-0.038771364324564336,-0.01995257054725606,1.0,0.14834600510561533
c_div,-0.005600117057108896,0.06978754645507138,0.23162208239249402,0.1795227242335049,0.0006888025529995619,-0.17037210670916714,0.14834600510561533,1.0
