,sem_dens,demand,s_perph,s_num,conc,val,w_freq,c_div
sem_dens,1.0,-0.06059556320896185,-0.43946825510536003,-0.006751887783998447,0.02444065632009753,0.19412122406357887,-0.20578073581575432,-0.08067352396251402
demand,-0.06059556320896185,1.0,0.013210621568514347,0.038053261405381095,0.45645007443558777,-0.12953393386040893,-0.0005521552637461932,0.07377293061081444
s_perph,-0.43946825510536003,0.013210621568514347,1.0,0.5605916966250352,-0.014422993382846734,-0.1437026813026069,0.3134295584417206,0.11528085890746785
s_num,-0.006751887783998447,0.038053261405381095,0.5605916966250352,1.0,0.025945322433261787,-0.03397414877659264,0.3363985149996056,0.06681248650582733
conc,0.02444065632009753,0.45645007443558777,-0.014422993382846734,0.025945322433261787,1.0,-0.08717666018954658,-0.10206164097020477,-0.05003486842129234
val,0.19412122406357887,-0.12953393386040893,-0.1437026813026069,-0.03397414877659264,-0.08717666018954658,1.0,-0.037020347700610426,-0.1026272255282761
w_freq,-0.20578073581575432,-0.0005521552637461932,0.3134295584417206,0.3363985149996056,-0.10206164097020477,-0.037020347700610426,1.0,0.14383094860484336
c_div,-0.08067352396251402,0.07377293061081444,0.11528085890746785,0.06681248650582733,-0.05003486842129234,-0.1026272255282761,0.14383094860484336,1.0
