,sem_dens,demand,s_perph,s_num,conc,val,w_freq,c_div
sem_dens,1.0,-0.06704535300800062,-0.4227933075563163,-0.001745731707790285,-0.005169129054650029,0.20450039116976415,-0.17011826629920118,0.0017304969779630983
demand,-0.06704535300800062,1.0,0.03530116235312465,0.007444423795172012,0.4622085264997336,-0.17901654539229872,0.0005264417030689548,0.047723061953905396
s_perph,-0.4227933075563163,0.03530116235312465,1.0,0.5821337363652966,-0.01946221591439245,-0.16036914822696496,0.36450568108857456,0.12010818804415373
s_num,-0.001745731707790285,0.007444423795172012,0.5821337363652966,1.0,0.004894963768977704,-0.030595999458945526,0.43618844308604804,0.09426728522997738
conc,-0.005169129054650029,0.4622085264997336,-0.01946221591439245,0.004894963768977704,1.0,-0.1601846257543973,-0.14932913105479018,-0.07566385177222647
val,0.20450039116976415,-0.17901654539229872,-0.16036914822696496,-0.030595999458945526,-0.1601846257543973,1.0,-0.027402746366863927,-0.13403729186362573
w_freq,-0.17011826629920118,0.0005264417030689548,0.36450568108857456,0.43618844308604804,-0.14932913105479018,-0.027402746366863927,1.0,0.12600583617108913
c_div,0.0017304969779630983,0.047723061953905396,0.12010818804415373,0.09426728522997738,-0.07566385177222647,-0.13403729186362573,0.12600583617108913,1.0
