,sem_dens,demand,s_perph,s_num,conc,val,w_freq,c_div
sem_dens,1.0,-0.023995604261431876,-0.4236934092502523,-0.08439263343502526,-0.18789022500650035,0.2102455040994262,-0.1270217217801333,-0.00983921459755133
demand,-0.023995604261431876,1.0,0.11528615376695474,0.10070836883929808,0.35461933216119224,-0.21415326693462947,-0.013586503939064267,0.10865756788704618
s_perph,-0.4236934092502523,0.11528615376695474,1.0,0.7310375638549983,0.30990240166697264,-0.2790250522450245,0.34336861637472493,0.22582494312180723
s_num,-0.08439263343502526,0.10070836883929808,0.7310375638549983,1.0,0.3111622496382814,-0.16742890761161194,0.30864621993279884,0.1342468135088328
conc,-0.18789022500650035,0.35461933216119224,0.30990240166697264,0.3111622496382814,1.0,-0.2881174601545756,-0.023463591903142303,-0.010666393358644359
val,0.2102455040994262,-0.21415326693462947,-0.2790250522450245,-0.16742890761161194,-0.2881174601545756,1.0,-0.014840295921832197,-0.16383517106763254
w_freq,-0.1270217217801333,-0.013586503939064267,0.34336861637472493,0.30864621993279884,-0.023463591903142303,-0.014840295921832197,1.0,0.16689775841338447
c_div,-0.00983921459755133,0.10865756788704618,0.22582494312180723,0.1342468135088328,-0.010666393358644359,-0.16383517106763254,0.16689775841338447,1.0
