,sem_dens,demand,s_perph,s_num,conc,val,w_freq,c_div
sem_dens,1.0,-0.13003411908127574,-0.3016154863299941,-0.034730994353569994,-0.16116995095433914,0.13590364546684175,0.010128371970600038,0.08512694735893953
demand,-0.13003411908127574,1.0,0.06695572063068182,0.016106827489919862,0.38464138185866237,-0.10246367247359203,0.01221442325712501,0.07601633792442955
s_perph,-0.3016154863299941,0.06695572063068182,1.0,0.7360655056287844,0.19179275314054353,-0.1506459297672345,0.26482482860513007,0.2286535044707467
s_num,-0.034730994353569994,0.016106827489919862,0.7360655056287844,1.0,0.19662202307923468,-0.04980409598364784,0.3320336406412565,0.23649152376908636
conc,-0.16116995095433914,0.38464138185866237,0.19179275314054353,0.19662202307923468,1.0,-0.11984357629835728,-0.09375219487501421,-0.04413210955320201
val,0.13590364546684175,-0.10246367247359203,-0.1506459297672345,-0.04980409598364784,-0.11984357629835728,1.0,0.05739954419927186,-0.08736990798039242
w_freq,0.010128371970600038,0.01221442325712501,0.26482482860513007,0.3320336406412565,-0.09375219487501421,0.05739954419927186,1.0,0.28349704091130806
c_div,0.08512694735893953,0.07601633792442955,0.2286535044707467,0.23649152376908636,-0.04413210955320201,-0.08736990798039242,0.28349704091130806,1.0
