,sem_dens,demand,s_perph,s_num,conc,val,w_freq,c_div
sem_dens,1.0,-0.08199538314176837,-0.4441006453282954,-0.0335527815202418,-0.012977755113589843,0.19169709703693574,-0.1930910841656996,-0.04093516376782895
demand,-0.08199538314176837,1.0,0.04520692829538827,-0.013764513533845925,0.3552160338125102,-0.18797379715872103,-0.04380329148061665,0.02797070102064712
s_perph,-0.4441006453282954,0.04520692829538827,1.0,0.4645653294326489,-0.01034596240582396,-0.1755193152555397,0.3695366415710199,0.1411868459708181
s_num,-0.0335527815202418,-0.013764513533845925,0.4645653294326489,1.0,-0.011890027274834658,-0.009005207970272757,0.4526697684861723,0.11363726223167808
conc,-0.012977755113589843,0.3552160338125102,-0.01034596240582396,-0.011890027274834658,1.0,-0.14486161092679126,-0.1728224845539147,-0.07013972387163828
val,0.19169709703693574,-0.18797379715872103,-0.1755193152555397,-0.009005207970272757,-0.14486161092679126,1.0,-0.022209617568725176,-0.12132996976260697
w_freq,-0.1930910841656996,-0.04380329148061665,0.3695366415710199,0.4526697684861723,-0.1728224845539147,-0.022209617568725176,1.0,0.16146272409916962
c_div,-0.04093516376782895,0.02797070102064712,0.1411868459708181,0.11363726223167808,-0.07013972387163828,-0.12132996976260697,0.16146272409916962,1.0
