,sem_dens,demand,s_perph,s_num,conc,val,w_freq,c_div
sem_dens,1.0,0.022094632448297208,-0.4267340274554321,-0.11312615014731972,-0.16133460695905844,0.22573150688217478,-0.12577922337154285,-0.012586420066246957
demand,0.022094632448297208,1.0,0.08379506453992967,0.0776747938902993,0.2668119285975266,-0.17306826796058633,-0.002634789567331573,0.08935316107449924
s_perph,-0.4267340274554321,0.08379506453992967,1.0,0.6938699525656938,0.3078367611820452,-0.27956316184960533,0.3236084211212209,0.22740241987851806
s_num,-0.11312615014731972,0.0776747938902993,0.6938699525656938,1.0,0.32428019847410994,-0.18687830078349107,0.29700600536331273,0.16693005013089693
conc,-0.16133460695905844,0.2668119285975266,0.3078367611820452,0.32428019847410994,1.0,-0.3128959046241083,-0.023603324300994096,0.008956355008356417
val,0.22573150688217478,-0.17306826796058633,-0.27956316184960533,-0.18687830078349107,-0.3128959046241083,1.0,-0.027101563628266958,-0.152245894380276
w_freq,-0.12577922337154285,-0.002634789567331573,0.3236084211212209,0.29700600536331273,-0.023603324300994096,-0.027101563628266958,1.0,0.1699273827944014
c_div,-0.012586420066246957,0.08935316107449924,0.22740241987851806,0.16693005013089693,0.008956355008356417,-0.152245894380276,0.1699273827944014,1.0
