,sem_dens,demand,s_perph,s_num,conc,val,w_freq,c_div
sem_dens,1.0,-0.10047504335254712,-0.29337067860972915,-0.030734307892512063,-0.15377927854472362,0.14216477630918098,0.0065636720847419465,0.08357750774523331
demand,-0.10047504335254712,1.0,0.06114579281568124,0.01844011978854107,0.34511034900386056,-0.1154979332102679,0.019922745202349674,0.08478371853753301
s_perph,-0.29337067860972915,0.06114579281568124,1.0,0.6656462350464788,0.18439925329319265,-0.16246450842335686,0.26710695373792387,0.2451732321008417
s_num,-0.030734307892512063,0.01844011978854107,0.6656462350464788,1.0,0.21672620517851038,-0.0709848980390825,0.3362664094195051,0.2526531953595533
conc,-0.15377927854472362,0.34511034900386056,0.18439925329319265,0.21672620517851038,1.0,-0.12458914288198536,-0.07651424345253895,-0.027759572882182282
val,0.14216477630918098,-0.1154979332102679,-0.16246450842335686,-0.0709848980390825,-0.12458914288198536,1.0,0.05598669394152994,-0.10847369292530015
w_freq,0.0065636720847419465,0.019922745202349674,0.26710695373792387,0.3362664094195051,-0.07651424345253895,0.05598669394152994,1.0,0.2909986551771925
c_div,0.08357750774523331,0.08478371853753301,0.2451732321008417,0.2526531953595533,-0.027759572882182282,-0.10847369292530015,0.2909986551771925,1.0
