,sem_dens,demand,s_perph,s_num,conc,val,w_freq,c_div
sem_dens,1.0,-0.024207175888814818,-0.4649974024376205,-0.05405385939509496,0.023545794756428352,0.17555091020196872,-0.19238723686512502,-0.050799127928812554
demand,-0.024207175888814818,1.0,0.018314606822522637,-0.011489103277222468,0.3551543567234383,-0.11374948826272653,-0.05945051253476161,0.03197619082852615
s_perph,-0.4649974024376205,0.018314606822522637,1.0,0.46936725412399777,-0.03271949334701195,-0.15801750696272246,0.31933925051110595,0.13147779201130882
s_num,-0.05405385939509496,-0.011489103277222468,0.46936725412399777,1.0,0.01598336773877879,-0.004888495135564671,0.38628148434653437,0.07251283525585463
conc,0.023545794756428352,0.3551543567234383,-0.03271949334701195,0.01598336773877879,1.0,-0.1588521837920619,-0.1384720519125804,-0.03848519730364273
val,0.17555091020196872,-0.11374948826272653,-0.15801750696272246,-0.004888495135564671,-0.1588521837920619,1.0,-0.013109152130765377,-0.12663521909147332
w_freq,-0.19238723686512502,-0.05945051253476161,0.31933925051110595,0.38628148434653437,-0.1384720519125804,-0.013109152130765377,1.0,0.07056064019368008
c_div,-0.050799127928812554,0.03197619082852615,0.13147779201130882,0.07251283525585463,-0.03848519730364273,-0.12663521909147332,0.07056064019368008,1.0
