,sem_dens,demand,s_perph,s_num,conc,val,w_freq,c_div
sem_dens,1.0,-0.09576232342649195,-0.27943253133083423,-0.020794605963989233,-0.1616621583693328,0.13932256383204175,0.016726104314210927,0.07829513849402674
demand,-0.09576232342649195,1.0,0.06244295327661796,0.030182333520094758,0.35706251858877536,-0.09398026625334292,0.02612876046749398,0.06774253771380423
s_perph,-0.27943253133083423,0.06244295327661796,1.0,0.6682022714687134,0.17611351624375418,-0.1525331052887789,0.2771425867254392,0.2588125218714416
s_num,-0.020794605963989233,0.030182333520094758,0.6682022714687134,1.0,0.2073674866973852,-0.0629496596260775,0.3184811409684089,0.25984391194617923
conc,-0.1616621583693328,0.35706251858877536,0.17611351624375418,0.2073674866973852,1.0,-0.128474183726109,-0.07775778779522091,-0.013878708035942405
val,0.13932256383204175,-0.09398026625334292,-0.1525331052887789,-0.0629496596260775,-0.128474183726109,1.0,0.03197425104334003,-0.08717857156013359
w_freq,0.016726104314210927,0.02612876046749398,0.2771425867254392,0.3184811409684089,-0.07775778779522091,0.03197425104334003,1.0,0.29897348748788344
c_div,0.07829513849402674,0.06774253771380423,0.2588125218714416,0.25984391194617923,-0.013878708035942405,-0.08717857156013359,0.29897348748788344,1.0
