,sem_dens,demand,s_perph,s_num,conc,val,w_freq,c_div
sem_dens,1.0,-0.007524861799728927,-0.4432124279912156,-0.1025144036610206,-0.16276186324060293,0.21780892328183338,-0.15384941964829593,-0.06865880351478754
demand,-0.007524861799728927,1.0,0.09060745330032215,0.07283039927495547,0.2775072604402604,-0.13242930937199818,-0.03247949206373638,0.05255412845362388
s_perph,-0.4432124279912156,0.09060745330032215,1.0,0.6989282114079912,0.29506756165080456,-0.27780430034759973,0.33604837073436716,0.25734554978477625
s_num,-0.1025144036610206,0.07283039927495547,0.6989282114079912,1.0,0.31495070291881394,-0.16271154519188374,0.2973632473289421,0.17514712409779207
conc,-0.16276186324060293,0.2775072604402604,0.29506756165080456,0.31495070291881394,1.0,-0.27927890262906035,-0.05174222662033256,-0.009643486024840534
val,0.21780892328183338,-0.13242930937199818,-0.27780430034759973,-0.16271154519188374,-0.27927890262906035,1.0,-0.013661773572359993,-0.15853538050438365
w_freq,-0.15384941964829593,-0.03247949206373638,0.33604837073436716,0.2973632473289421,-0.05174222662033256,-0.013661773572359993,1.0,0.15826144151606547
c_div,-0.06865880351478754,0.05255412845362388,0.25734554978477625,0.17514712409779207,-0.009643486024840534,-0.15853538050438365,0.15826144151606547,1.0
