,sem_dens,demand,s_perph,s_num,conc,val,w_freq,c_div
sem_dens,1.0,-0.044283376919904936,-0.4456078680793873,-0.011327821373851575,-0.018917191431091517,0.17097821680532993,-0.1627814523381903,-0.03380532175049824
demand,-0.044283376919904936,1.0,-0.016597166242390222,-0.032065379777465874,0.3952151306979704,-0.15591533105545397,-0.06173811711652243,0.04418835006110671
s_perph,-0.4456078680793873,-0.016597166242390222,1.0,0.5741336636420556,-0.008835796278790681,-0.14663984433314847,0.35207539006041577,0.15058851941772436
s_num,-0.011327821373851575,-0.032065379777465874,0.5741336636420556,1.0,-0.005838048677417564,-0.025032612238711914,0.41298329471971745,0.11005748017255895
conc,-0.018917191431091517,0.3952151306979704,-0.008835796278790681,-0.005838048677417564,1.0,-0.09885251697704782,-0.19785149025368118,-0.12084195620891494
val,0.17097821680532993,-0.15591533105545397,-0.14663984433314847,-0.025032612238711914,-0.09885251697704782,1.0,-0.016935700541823598,-0.11409573630806913
w_freq,-0.1627814523381903,-0.06173811711652243,0.35207539006041577,0.41298329471971745,-0.19785149025368118,-0.016935700541823598,1.0,0.12008298086857914
c_div,-0.03380532175049824,0.04418835006110671,0.15058851941772436,0.11005748017255895,-0.12084195620891494,-0.11409573630806913,0.12008298086857914,1.0
