,sem_dens,demand,s_perph,s_num,conc,val,w_freq,c_div
sem_dens,1.0,-0.003981959135554035,-0.44633248576458223,-0.10324503775049358,-0.16540351243442775,0.20405059102051054,-0.132964612144667,-0.05028551924797117
demand,-0.003981959135554035,1.0,0.06910354549281346,0.0473876212769426,0.35951434981418756,-0.1503547473717081,-0.014899027934216876,0.05654846459818723
s_perph,-0.44633248576458223,0.06910354549281346,1.0,0.7375654624988222,0.28765215680814193,-0.26999025969213647,0.3419278831072275,0.26136762229752497
s_num,-0.10324503775049358,0.0473876212769426,0.7375654624988222,1.0,0.3040276312423998,-0.16365907396853813,0.29970319697977865,0.17053243996784767
conc,-0.16540351243442775,0.35951434981418756,0.28765215680814193,0.3040276312423998,1.0,-0.26734205643086706,-0.0060361072624510095,-0.016599401488475572
val,0.20405059102051054,-0.1503547473717081,-0.26999025969213647,-0.16365907396853813,-0.26734205643086706,1.0,-0.03626923951143402,-0.16890220840826567
w_freq,-0.132964612144667,-0.014899027934216876,0.3419278831072275,0.29970319697977865,-0.0060361072624510095,-0.03626923951143402,1.0,0.15109815269933627
c_div,-0.05028551924797117,0.05654846459818723,0.26136762229752497,0.17053243996784767,-0.016599401488475572,-0.16890220840826567,0.15109815269933627,1.0
