,sem_dens,demand,s_perph,s_num,conc,val,w_freq,c_div
sem_dens,1.0,-0.1409000762771399,-0.30585099162710117,-0.028277327855895585,-0.1803447140809337,0.1612527098487709,0.009010782387582886,0.09676915238262382
demand,-0.1409000762771399,1.0,0.04718196440133552,0.01409332432170181,0.39582919534335204,-0.1071249698106091,0.020749180111962275,0.06336705570323072
s_perph,-0.30585099162710117,0.04718196440133552,1.0,0.7197722263783496,0.193400434350362,-0.18632245393736327,0.2699766282209893,0.24540552684689784
s_num,-0.028277327855895585,0.01409332432170181,0.7197722263783496,1.0,0.19982327863403523,-0.07744656344539787,0.338480305448879,0.25065778116410803
conc,-0.1803447140809337,0.39582919534335204,0.193400434350362,0.19982327863403523,1.0,-0.12927433454177711,-0.09796603515664153,-0.03805276876217861
val,0.1612527098487709,-0.1071249698106091,-0.18632245393736327,-0.07744656344539787,-0.12927433454177711,1.0,0.04783160577642871,-0.08539027150503933
w_freq,0.009010782387582886,0.020749180111962275,0.2699766282209893,0.338480305448879,-0.09796603515664153,0.04783160577642871,1.0,0.30431465073861136
c_div,0.09676915238262382,0.06336705570323072,0.24540552684689784,0.25065778116410803,-0.03805276876217861,-0.08539027150503933,0.30431465073861136,1.0
