test,mean,std
wilcoxon,0.9562918829768154,0.04271266061338922
logit,0.8642926472525594,0.09196747720499733
