,sem_dens,demand,s_perph,s_num,conc,val,w_freq,c_div
sem_dens,1.0,-0.062483709791983984,-0.44087509339238795,-0.02102640234997885,0.0027834609294256135,0.18231061103680513,-0.24611606164985977,-0.08615042799857286
demand,-0.062483709791983984,1.0,0.02432488982724284,0.005062215666948787,0.3496126349981558,-0.1532253844182265,-0.04038452334906031,0.035268096324694354
s_perph,-0.44087509339238795,0.02432488982724284,1.0,0.47790963829462396,-0.009637541457996031,-0.16829291173897523,0.38424423137715774,0.1710776230177221
s_num,-0.02102640234997885,0.005062215666948787,0.47790963829462396,1.0,0.015311159244872589,-0.048213028476156806,0.41341323758998294,0.11257170933003684
conc,0.0027834609294256135,0.3496126349981558,-0.009637541457996031,0.015311159244872589,1.0,-0.12673243754883462,-0.12184274264493448,-0.07598792025619419
val,0.18231061103680513,-0.1532253844182265,-0.16829291173897523,-0.048213028476156806,-0.12673243754883462,1.0,-0.06161235080150018,-0.14028125407046763
w_freq,-0.24611606164985977,-0.04038452334906031,0.38424423137715774,0.41341323758998294,-0.12184274264493448,-0.06161235080150018,1.0,0.14361494830134816
c_div,-0.08615042799857286,0.035268096324694354,0.1710776230177221,0.11257170933003684,-0.07598792025619419,-0.14028125407046763,0.14361494830134816,1.0
