,sem_dens,demand,s_perph,s_num,conc,val,w_freq,c_div
sem_dens,1.0,-0.08843055908756803,-0.30688124986638726,-0.033348328286640624,-0.17010594371622945,0.16301978888732616,-0.018804959803699575,0.07162622601532369
demand,-0.08843055908756803,1.0,0.04180382340852393,0.02729583382598587,0.3371645743524317,-0.11134962824373343,-0.008066004838146913,0.056736544430309226
s_perph,-0.30688124986638726,0.04180382340852393,1.0,0.6725102526781711,0.19021153762126275,-0.16791474377166776,0.26102152670351964,0.23728222158166623
s_num,-0.033348328286640624,0.02729583382598587,0.6725102526781711,1.0,0.2154720353215302,-0.08223667281445687,0.3310687826365633,0.25731557777236846
conc,-0.17010594371622945,0.3371645743524317,0.19021153762126275,0.2154720353215302,1.0,-0.12186000150663402,-0.056706224066151126,-0.0009135644447745262
val,0.16301978888732616,-0.11134962824373343,-0.16791474377166776,-0.08223667281445687,-0.12186000150663402,1.0,0.054125801026192646,-0.09421575272985895
w_freq,-0.018804959803699575,-0.008066004838146913,0.26102152670351964,0.3310687826365633,-0.056706224066151126,0.054125801026192646,1.0,0.29232292044321584
c_div,0.07162622601532369,0.056736544430309226,0.23728222158166623,0.25731557777236846,-0.0009135644447745262,-0.09421575272985895,0.29232292044321584,1.0
